{
  "random_forest": {
    "auc_roc": 0.8002912997972612,
    "auc_pr": 0.815609003274089,
    "accuracy": 0.7239263803680982,
    "f1": 0.7169811320754716,
    "precision": 0.742671009771987,
    "recall": 0.6930091185410334,
    "sensitivity": 0.6930091185410334,
    "specificity": 0.7554179566563467,
    "ppv": 0.742671009771987,
    "npv": 0.7072463768115942,
    "brier": 0.1789269721866205,
    "mcc": 0.4491716128008585,
    "kappa": 0.44814874027818274,
    "tp": 684.0,
    "tn": 732.0,
    "fp": 237.0,
    "fn": 303.0
  },
  "xgboost": {
    "auc_roc": 0.8050476629621612,
    "auc_pr": 0.8238759704486104,
    "accuracy": 0.721881390593047,
    "f1": 0.7260825780463243,
    "precision": 0.7217217217217218,
    "recall": 0.7304964539007093,
    "sensitivity": 0.7304964539007093,
    "specificity": 0.7131062951496389,
    "ppv": 0.7217217217217218,
    "npv": 0.722048066875653,
    "brier": 0.17729729097846383,
    "mcc": 0.4436862609629548,
    "kappa": 0.4436528477091274,
    "tp": 721.0,
    "tn": 691.0,
    "fp": 278.0,
    "fn": 266.0
  },
  "lightgbm": {
    "auc_roc": 0.8079413176244741,
    "auc_pr": 0.8283489355611549,
    "accuracy": 0.7229038854805726,
    "f1": 0.7194616977225673,
    "precision": 0.7354497354497355,
    "recall": 0.7041540020263425,
    "sensitivity": 0.7041540020263425,
    "specificity": 0.7420020639834881,
    "ppv": 0.7354497354497355,
    "npv": 0.7111770524233432,
    "brier": 0.17568516216945795,
    "mcc": 0.44639136489414744,
    "kappa": 0.4459798010202962,
    "tp": 695.0,
    "tn": 719.0,
    "fp": 250.0,
    "fn": 292.0
  },
  "lstm": {
    "auc_roc": 0.5531658725453601,
    "auc_pr": 0.5655490091299152,
    "accuracy": 0.5403885480572597,
    "f1": 0.3646643109540636,
    "precision": 0.602803738317757,
    "recall": 0.2613981762917933,
    "sensitivity": 0.2613981762917933,
    "specificity": 0.8245614035087719,
    "ppv": 0.602803738317757,
    "npv": 0.5229057591623036,
    "brier": 0.24765374783289013,
    "mcc": 0.10395160210562523,
    "kappa": 0.08550976978138902,
    "tp": 258.0,
    "tn": 799.0,
    "fp": 170.0,
    "fn": 729.0
  },
  "ensemble": {
    "auc_roc": 0.8084505171982941,
    "auc_pr": 0.8411306166801662,
    "accuracy": 0.7244376278118609,
    "f1": 0.7170603674540682,
    "precision": 0.7440087145969498,
    "recall": 0.6919959473150963,
    "sensitivity": 0.6919959473150963,
    "specificity": 0.7574819401444789,
    "ppv": 0.7440087145969498,
    "npv": 0.7071290944123314,
    "brier": 0.18001494739236829,
    "mcc": 0.4503070833849197,
    "kappa": 0.4491862273046444,
    "tp": 683.0,
    "tn": 734.0,
    "fp": 235.0,
    "fn": 304.0
  }
}